name,sub_title,color,price,currency,description,avg_rating,review_count,parsed_sizes,dominant_color
nike dri-fit team (mlb minnesota twins),men's long-sleeve t-shirt,Navy,40.0,USD,"sweat-wicking comfort.the nike dri-fit team (mlb minnesota twins) t-shirt layers you in lightweight fabric with sweat-wicking technology to help keep you cool and dry as you rep your favorite team.benefitsnike dri-fit technology helps you stay dry, comfortable and focused.jersey fabric has a soft, lightweight feel.product details100% polyestermachine washimportedshown: navystyle: nkay44bmtf-kt6",4.77391304347826,0.0,"['S', 'M', 'L', 'XL', '2XL']",Navy
club américa,women's nike dri-fit soccer jersey dress,Black/Black,90.0,USD,"inspired by traditional soccer jerseys, the club américa jersey dress is an effortless look you can easily throw on and go.keep coolnike dri-fit technology moves sweat away from your skin for quicker evaporation, helping you stay dry and comfortable.stash and goside pockets let you store your essentials when you're on the move.streetwear flairjersey details pair with a flowy design for casual team pride.product detailsstandard fit for a relaxed, easy feel100% polyestermachine washimportedshown: black/blackstyle: cw0788-010",5.0,1.0,['L (12–14)'],Black
nike sportswear swoosh,men's overalls,Black/White,140.0,USD,"working hard to keep you comfortable.the nike sportswear swoosh overalls feature a woven twill fabric that's both soft and durable. snaps at the side and a reversible pocket at the chest provide styling options--wear them up over the shoulder or down at the waist as pants.pockets for daysthe zippered chest pocket features an envelope-style enclosure on the reverse side to be used when overalls are worn as pants.utility with a classic feela tapered leg and zip fly and snap close give this hardworking style a refined, familiar feel.2 styles, 1 designside snaps secure the upper material and straps allowing you to wear this style as pants or overalls. an adjustable buckle shoulder design lets you adjust the fit on the fly.more benefitsutility cargo pockets on legs and back pocket provide secure storage.embroidered swoosh details on chest and back show love for the brand.product detailsstandard fit for a relaxed, easy feel49% nylon/46% cotton/5% spandexmachine washimportedshown: black/whitestyle: cu3896-010",4.9,11.0,[],Black
nike dri-fit one luxe,big kids' (girls') printed tights (extended size),Black/Rush Pink,22.97,USD,"elevated comfort goes full bloom.the nike dri-fit one luxe leggings (extended size) are our most versatile pair yet—made with silky soft fabric for playtime (or anytime!). part of the nike luxe line, they’re super comfy and lightweight, like an all-day hug. adding a colorful floral print just makes these that much better. this product is made with at least 75% recycled polyester fibers.luxe is morenike one luxe is our most versatile legging, taken to the next level with soft, smooth fabric that feels like an all-day hug.play hard, stay drynike dri-fit technology moves sweat away from your skin for quicker evaporation, helping you stay dry and comfortable.move with confidencea high-rise waistband and v-shaped back panel follow your body's natural lines so you can stretch, stride and climb confidently.more benefitsan elastic waistband provides a snug fit.product detailstight fit for a body-hugging feelbody: 88% polyester/12% spandex. gusset lining: 100% polyester.machine washimportedshown: black/rush pinkstyle: dm8445-010",4.77391304347826,0.0,[],Black
paris saint-germain repel academy awf,big kids' soccer jacket,Dark Grey/Black/Siren Red/Siren Red,70.0,USD,"water-repellent coverage gets psg details.the paris saint-germain repel academy awf jacket is a lightweight, water-repellent layer that's perfect for days when you want to play through the rain, but breathable where it matters when things heat up. this product is made with at least 75% recycled polyester fibers.benefitslightweight water-repellent fabric helps you stay dry in light rain.zippered side pockets secure your essentials.high-heat zones are perforated for ventilation while you play.product detailsstandard fit for a relaxed, easy feelbody: 100% polyestermachine washimportedshown: dark grey/black/siren red/siren redstyle: db8165-025",4.77391304347826,0.0,"['XS', 'S', 'M', 'L', 'XL']",Dark Grey
nfl miami dolphins (mike gesicki),men's game football jersey,White,130.0,USD,"highlight your loyalty to your team.rep your team and favorite player with the nfl miami dolphins jersey. proper ventilation and a loose, roomy fit help keep you comfortable on game day.benefitsscreen-printed name, number and team mark offer lightweight durability.ventilation over major heat zones helps keep you cool.product detailsloose fit for a roomy feelnfl shield at v-necktagless neck labelwoven jock tag100% polyestermachine washimportedshown: whitestyle: 67nmdg2a9pf-2lf",4.77391304347826,0.0,"['S', 'M', 'L', 'XL', '2XL']",White
kristaps porziņģis knicks icon edition,nike nba swingman jersey,Rush Blue,104.99,USD,"the heart of your team's identity.the icon edition jersey represents the team's true colours, reflected in a distinct, instantly recognisable design. directly inspired by what the pros wear, this new york knicks icon edition nike nba swingman jersey is made from premium double-knit fabric, with classic jersey construction and a fit that looks good from all angles.the only jersey with built-in dropsyour nike nba connected jersey gives you next-level access to athletes, exclusive offers and the game you love. download the nikeconnect app, then tap your smartphone to the tag at the bottom of your jersey to get started.made from sustainable materialseach nike nba connected jersey is made from 100% recycled polyester. the premium material comes from plastic bottles that nike has diverted from landfills since 2012—nearly 5 billion and counting.product detailsconnect to the game for the 2019–2020 season with your nike nba jersey.machine wash100% recycled polyesterimportedheat-applied graphicsproduct details
heat-applied twill name and number
authentic logos and colours
fabric: 100% recycled polyester
machine wash
importedcolour shown: rush bluestyle: 864495-495country/region of origin: thailand,guatemala",5.0,3.0,[],Rush Blue
nike college (oregon),men's max 90 t-shirt,White,18.97,USD,"with a roomy fit and '90s-style detailing, this soft oregon t-shirt shows your love for the ducks in a big way.product detailsloose fit for a roomy feel50-100% cotton/0-50% polyestermaterial percentages may vary. check label for actual content.machine washimportedshown: whitestyle: dn5357-100",4.77391304347826,0.0,"['S', 'M', 'L', 'XL', '2XL']",White
nike sportswear,men's logo t-shirt,Redstone,28.97,USD,"swoosh details.keep it classic in the nike sportswear t-shirt. thick, comfortable cotton pairs with an embroidered nike logo for a look that'll keep you groovin' all day.product detailsstandard fit for a relaxed, easy feel100% cottonmachine washimportedshown: redstonestyle: dq3511-670",5.0,1.0,['S'],Redstone
nike therma crucial catch (nfl miami dolphins),men's pullover hoodie,Black,85.0,USD,"warm, breathable fleece.the nike therma crucial catch (nfl miami dolphins) hoodie is built with sweat-wicking fleece to help manage your body’s natural heat and keep you warm. the chest is designed with the crucial catch pattern and logo to help strengthen the support of a great cause.benefitsnike therma fabric helps keep you warm.the hood and adjustable drawstring help provide extra coverage.product detailsfront pocket100% polyestermachine washimportedshown: blackstyle: ns5700azuj-8up",4.77391304347826,0.0,"['S', 'M', 'L', 'XL', '2XL']",Black
nike sportswear tech fleece,little kids' joggers,Aegean Storm,45.97,USD,"the perfect fit for kids on the go.the nike sportswear tech fleece pants draw inspiration from athletic designs with a slim, tapered fit that allows little ones to move naturally.benefitsnike tech fleece fabric offers the ultimate in lightweight warmth.moisture-wicking zip media pocket offers a safe place to store valuables.product details67% cotton/33% polyestermachine washimportedshown: aegean stormstyle: 86b203-u7d",4.77391304347826,0.0,[],Aegean Storm
paris saint-germain strike,big kids' nike dri-fit short-sleeve soccer top,White/Midnight Navy/University Red/Midnight Navy,45.0,USD,"elevate your training.the paris saint-germain strike top has design details specifically tailored for soccer’s rising stars. a slim, streamlined fit ensures that nothing comes between you and the ball, and sweat-wicking fabric helps keep you cool and composed while fine-tuning your skills. this product is made with 100% recycled polyester fibers.benefitsnike dri-fit technology moves sweat away from your skin for quicker evaporation, helping you stay dry and comfortable.signature crest and colors let you show your psg pride wherever you go.product detailsslim fit for a tailored feel100% polyestermachine washimportedshown: white/midnight navy/university red/midnight navystyle: dj8722-101",4.77391304347826,0.0,"['XS', 'S', 'M', 'L', 'XL']",White
croatia 2022/23 stadium away,women's nike dri-fit soccer jersey,Blackened Blue/University Red,95.0,USD,"like other jerseys from our stadium collection, this one pairs replica design details with sweat-wicking fabric to give you a game-ready look inspired by your favorite team.benefitsnike dri-fit technology moves sweat away from your skin for quicker evaporation, helping you stay dry and comfortable.replica design is modeled after what the pros wear on the field.product detailsslim fit for a tailored feel100% polyestermachine washimportedshown: blackened blue/university redstyle: dn0759-498",4.77391304347826,0.0,[],Blackened Blue
nike therma lockup (nfl kansas city chiefs),men's full-zip hoodie,Silver/Red,95.0,USD,"essential outer layer.the nike therma lockup (nfl kansas city chiefs) hoodie combines sweat-wicking technology with soft, 2-way stretch fabric and a full-zip closure to help you stay dry and warm on game day.benefitsnike therma fabric helps keep you warm.nike dri-fit technology helps you stay dry, comfortable and focused.product detailshood with adjustable drawstring2 front pockets100% polyestermachine washimportedshown: silver/redstyle: ns4711r57g-5p9",4.77391304347826,0.0,"['S', 'M', 'L', 'XL', '2XL']",Silver
nike dri-fit primetime logo (mlb san francisco giants),men's shorts,Black,45.0,USD,"team-inspired performance.finished with a team logo at the hem, the nike dri-fit primetime (mlb san francisco giants) shorts are designed with sweat-wicking technology for a dry, comfortable wear. their elastic waistband and 2-way stretch fabric help create a flexible fit.benefitsnike dri-fit technology helps you stay dry, comfortable and focused.mesh paneling helps create a lightweight, breathable feel.product details2 side pockets100% polyestermachine washimportedshown: blackstyle: nmma088ngia-0lh",4.77391304347826,0.0,[],Black
nike city connect wordmark (mlb kansas city royals),men's t-shirt,Navy,30.0,USD,"show your pride in your city.made with soft cotton fabric for all-day comfort, the nike city connect wordmark (mlb kansas city royals) t-shirt is designed with special colors and graphics to help showcase your love for your team and city.product details100% cottonmachine washimportedshown: navystyle: n19944broy-0a3",4.77391304347826,0.0,['S'],Navy
nike college therma (michigan state),women's long-sleeve 1/2-zip fleece,Grey Heather/White/Pro Green,40.97,USD,"cozy comfort to rep your team.stay comfortable while showing love for your school in the nike college therma (michigan state) fleece, featuring soft fleece and a 1/2-zip design to change up the look.benefitsnike therma fabric helps keep you warm.fleece is soft and comfortable.elastic cuffs and waistband provide a snug fit.product detailsstandard fit for a relaxed, easy feelfront pocket1/2-length zipperbody: 100% polyester. pocket bags: 100% recycled polyester.machine washimportedshown: grey heather/white/pro greenstyle: cq6852-050",4.77391304347826,0.0,[],Grey Heather
portugal 2022/23 stadium home,men's nike dri-fit soccer shorts,Gorge Green/Pepper Red/Gold Dart,52.0,USD,"like other shorts from our stadium collection, these ones pair replica design details with sweat-wicking fabric to give you a game-ready look inspired by your favorite team.benefitsnike dri-fit technology moves sweat away from your skin for quicker evaporation, helping you stay dry and comfortable.replica design is modeled after what the pros wear on the field.product detailsslim fit for a tailored feelelastic waistband with internal drawcord100% polyestermachine washimportedshown: gorge green/pepper red/gold dartstyle: dn0733-341",4.77391304347826,0.0,[],Gorge Green
nike college legacy91 (unc),hat,Grey Heather/Valor Blue,21.97,USD,sweat-wicking shade.the nike college legacy91 (unc) hat features school details on sweat-wicking fabric to help keep you dry and comfortable when chapel hill heats up.benefitsembroidered eyelets and mesh paneling add breathability.adjustable closure lets you customize the fit.product details6-panel design100% polyesterhand washimportedshown: grey heather/valor bluestyle: dj6496-063,4.77391304347826,0.0,[],Grey Heather
nike rewind playback helmet (nfl tennessee titans),men's long-sleeve t-shirt,Navy,55.0,USD,throwback team spirit.the nike rewind playback helmet (nfl tennessee titans) t-shirt is designed with old-school team details and heathered fabric to help you get ready for game day.product details64% cotton/36% polyestermachine washimportedshown: navystyle: nkzf85j8f-0yw,4.77391304347826,0.0,"['S', 'M', 'L', 'XL', '2XL']",Navy
denver nuggets nike x filip pagowski,men's nba t-shirt,White,21.97,USD,"represent your teamthe denver nuggets nike x filip pagowski men's nba t-shirt showcases team pride inspired by famed illustrator filip pagowski. made with pure cotton, it delivers all-day comfort from the stands to the street.product detailsfabric: 100% cottonmachine washimportedshown: whitestyle: 00037746x-dq2",5.0,1.0,[],White
hurley palmdale,boys' board shorts,unknown,40.0,USD,"an essential for beach day.a must-have for beach day, the hurley palmdale board shorts feature a colorful print and a drawcord, so little ones can adjust the fit for fun in the sun.product details97% polyester/3% elastanemachine washimportedshown: style: 883936-u4g",4.77391304347826,0.0,[],unknown
nfl minnesota vikings nike vapor untouchable (randy moss),men's limited football jersey,Purple,160.0,USD,"gridiron look.the nfl minnesota vikings nike vapor untouchable jersey delivers an authentic touch on game day. sweat-wicking technology and sublimated detailing help provide all-day comfort as you rep your favorite player of all time.benefitsnike dri-fit technology helps you stay dry, comfortable and focused.sublimated details add breathability.ventilation over major heat zones helps keep you cool.product detailsstandard fit for a relaxed, easy feelnfl shield at v-necktagless neck labellaser-cut embossed jock tag100% polyestermachine washimportedshown: purplestyle: 32nmmvlhw63-2ta",4.77391304347826,0.0,"['S', 'M', 'L', 'XL']",Purple
air jordan 1 zoom cmft,shoes,Fossil Stone/Fossil Rose/Psychic Purple/White,150.0,USD,"a classic recrafted for comfort.making iconic style even more comfortable. the air jordan 1 zoom cmft remakes the 1st air jordan with lightweight, low-profile cushioning and elements that improve wearability. leathers and textiles in the upper have a broken-in feel. a lined, padded collar cups the heel for a secure fit.benefitsa zoom air unit provides lightweight, responsive cushioning.genuine and synthetic leather and textile materials in the upper for durability.lined, padded collar provides comfort around heel and ankle.product detailsfoam sole with rubber sidewallsrubber tractionsocklinershown: fossil stone/fossil rose/psychic purple/whitestyle: ct0978-201",4.8,120.0,"['M 9 / W 10.5', 'M 9.5 / W 11', 'M 10 / W 11.5', 'M 10.5 / W 12', 'M 11 / W 12.5']",Fossil Stone
nike air pegasus 83 premium,men's shoes,Thunder Blue/Particle Grey/Photo Blue/Black,89.97,USD,"travel first class in the nike air pegasus 83 premium—the callback classic. with a splash of running history, a dash of retro and a whole lot of comfort, it’s your new go-to. a leather and suede upper is easy to style, proving you don’t need a plane to take you places. just lace up and arrive looking fresh.benefitsupper features luscious suede and premium leather for durable style inspired by heritage running.foam midsole with nike air unit in heel delivers lasting comfort.vintage nike air branding on the tongue and backtab adds to the classic '80s aesthetic.low-cut, padded collar looks sleek and feels great.rubber waffle outsole gives you traction and durability.shown: thunder blue/particle grey/photo blue/blackstyle: dx3738-400",4.77391304347826,0.0,"['6', '6.5', '7', '7.5', '8', '8.5', '9', '9.5', '10', '10.5', '11', '11.5', '12', '13', '14', '15']",Thunder Blue
nike college (alabama),women's boxy t-shirt,Team Crimson,18.97,USD,"lead with your crimson tide loyalty in this alabama tee, putting proud team graphics in the forefront. follow that up with soft fabric in a boxy design for a roomy feel.product detailsloose fit for a roomy feel50-100% cotton/0-50% polyestermaterial percentages may vary. check label for actual content.machine washimportedshown: team crimsonstyle: dn8781-613",4.77391304347826,0.0,"['XS (0–2)', 'S (4–6)', 'M (8–10)', 'L (12–14)', 'XL (16–18)']",Team Crimson
nike,little kids' jdi hat,Black,18.0,USD,"classic comfort.the nike hat is made with soft cotton twill fabric in a classic 6-panel design for comfortable coverage. the adjustable strap at the back lets little ones find a the perfect fit.product detailscircumference: 19.5"" brim length: 2.5""100% cottonhand washimportedshown: blackstyle: 8a2854-023",4.77391304347826,0.0,[],Black
nike fury,men's printed headband,Black/Smoke Grey,13.97,USD,"the nike fury headband features a wide design and sweat-wicking technology to help you stay dry, comfortable and focused during your workout.benefitsnike dri-fit technology moves sweat away from your skin for quicker evaporation, helping you stay dry and comfortable.silicone grips your hair and helps keep the band in place.product detailswidth: 2.5""79% polyester/14% silicone/7% spandexhand washimportedshown: black/smoke greystyle: n1003038-061",4.77391304347826,0.0,[],Black
nike myriad,sunglasses,Black,69.97,USD,"make a statement.bold and contemporary with a nod to vintage glamour, the nike myriad sunglasses feature a durable yet lightweight frame that wears well during all your daily activities.benefits4-base flat lens and slim profile provides everyday coverage.product detailsdurable, high-tension hingeslightweight, durable injected frameshown: blackstyle: ev1153-001",5.0,1.0,[],Black
nike dri-fit crucial catch (nfl buffalo bills),women's pullover hoodie,Black,85.0,USD,"lightweight coverage.the nike dri-fit crucial catch (nfl buffalo bills) hoodie gets you ready for game day with a nod to a great cause. it is equipped with a front pocket for convenient storage on the go.benefitsnike dri-fit technology helps you stay dry, comfortable and focused.the hood and adjustable drawstring help provide extra coverage.product details91% polyester/9% elastanemachine washimportedshown: blackstyle: ns5600azu4-8uq",4.77391304347826,0.0,[],Black
nike air force 1 lv8 utility,big kids' shoes,White/Black/Tour Yellow/White,76.97,USD,"legendary sneaker for a legendary stride.with a nod to the 1982 classic, the nike air force 1 lv8 utility keeps you looking fresh off the court in premium leather.benefitsreal and synthetic leather elevates the look of the '82 classic.encapsulated air-sole unit cushions your step.rubber outsole with pivot point is the same as the original.perforations help enhance ventilation.shown: white/black/tour yellow/whitestyle: ar1708-100",4.77391304347826,0.0,"['W 5.5 / 4Y', 'W 6 / 4.5Y', 'W 6.5 / 5Y']",White
chelsea fc strike,men's nike dri-fit soccer track jacket,Rush Blue/College Navy/White,90.0,USD,"elevate your training.the chelsea fc strike track jacket has design details specifically tailored for soccer’s rising stars. a slim, streamlined fit ensures that nothing comes between you and the ball, and sweat-wicking fabric helps keep you cool and composed while fine-tuning your skills.benefitsnike dri-fit technology moves sweat away from your skin for quicker evaporation, helping you stay dry and comfortable.side pockets let you store your essentials.product detailsslim fit for a tailored feel100% polyestermachine washimportedshown: rush blue/college navy/whitestyle: dj8533-495",4.77391304347826,0.0,"['S', 'M', 'L', 'XL', '2XL', '3XL']",Rush Blue
mlb boston red sox,women's replica baseball jersey,Midnight Navy,115.0,USD,loyalty to your team.the mlb boston red sox jersey helps deliver a comfortable fit with its polyester material. it features team details to add authenticity to your look on game day.product details100% polyestermachine washimportedshown: midnight navystyle: t773bqnbbq-xvb,4.77391304347826,0.0,[],Midnight Navy
mlb arizona diamondbacks city connect,men's replica baseball jersey,Team Gold,135.0,USD,loyalty to your city.the mlb arizona diamondbacks city connect jersey helps deliver a comfortable fit with its polyester material. it features an authentic design dedicated to the valley of the sun to help give you an exclusive look on game day.product details100% polyestermachine washimportedshown: team goldstyle: t770dkc2dks-kmj,4.77391304347826,0.0,[],Team Gold
nike college max 90 (gonzaga),men's long-sleeve t-shirt,White,26.97,USD,"show your team loyalty in this long-sleeve gonzaga tee. it has proud bulldogs graphics on soft cotton fabric that helps keep you comfortable—on game day and any other day.benefitsdropped shoulders, longer sleeves and a roomy fit through the body and hips give the max 90 silhouette a relaxed and casual look.everyday cotton fabric feels soft and lightweight.product detailsribbed collar and cuffs100% cottonmachine washimportedshown: whitestyle: dq0753-100",4.77391304347826,0.0,[],White
nike dri-fit,toddler t-shirt and shorts set,Multi-Color,36.0,USD,"fun, easy, dry.the nike dri-fit set includes a sweat-wicking t-shirt and matching knit shorts for a sporty ensemble that's ready for play.benefitsdri-fit technology helps keep little ones dry and comfortable.knit fabric is soft and comfortable.product details100% polyestermachine washimportedshown: multi-colorstyle: 76g104-gae",5.0,1.0,[],Multi-Color
nike therma crucial catch (nfl atlanta falcons),men's pullover hoodie,Black,85.0,USD,"warm, breathable fleece.the nike therma crucial catch (nfl atlanta falcons) hoodie is built with sweat-wicking fleece to help manage your body’s natural heat and keep you warm. the chest is designed with the crucial catch pattern and logo to help strengthen the support of a great cause.benefitsnike therma fabric helps keep you warm.the hood and adjustable drawstring help provide extra coverage.product detailsfront pocket100% polyestermachine washimportedshown: blackstyle: ns5700azu2-8up",4.77391304347826,0.0,"['S', 'M', 'L', 'XL', '2XL']",Black
zion 2,men's basketball shoes,Flax/Sesame/Fauna Brown/Muslin,119.97,USD,"channel your skills in footwear designed for zion williamson and built for ballers at any level. an adjustable strap up top helps lock your foot in while an air-sole unit and firm midsole support high-paced play. make it your number 1 pick for the court.benefitsnike air-sole unit provides lightweight cushioning.zoom air cushioning under the forefoot provides springy, responsive support.textile and synthetic leather in the upper provide structure and durability.foam midsole adds responsive cushioning.padded collar wraps your ankle with a soft touch.rubber tread gives you durable traction.product detailszion williamson's name displayed on the tongue and outsoleadjustable strap over laces for a secure fitjumpman logo on sideplastic shank at midsole for stabilizationshown: flax/sesame/fauna brown/muslinstyle: dv3462-212",4.7,3.0,['8'],Flax
jordan,little kids' hoodie,Atmosphere,33.97,USD,"super cozy and roomy.snuggle up with the jordan fleece hoodie. this pullover is made with all the coziness of supersoft fabric to keep kiddos comfy on their next adventure.benefitslightweight fleece feels super soft and fuzzy on the inside.ribbed cuffs stretch to hold in warmth.hood for added coverage.front pocket for easy stashing.product detailsloose fit for a roomy feel57% cotton, 38% polyester, 5% elastanemachine washimportedshown: atmospherestyle: 35b324-x24",4.77391304347826,0.0,"['4', '5', '6', '6X']",Atmosphere
nike dri-fit sideline velocity lockup (nfl buffalo bills),women's t-shirt,Royal,40.0,USD,"exceptional comfort.the nike dri-fit sideline velocity lockup (nfl buffalo bills) t-shirt combines sweat-wicking technology with a bold team design to help give you a reliable look and feel while on the move.benefitsnike dri-fit technology helps you stay dry, comfortable and focused.jersey fabric has a soft, lightweight feel.product details100% polyestermachine washimportedshown: royalstyle: ns184da81-63s",4.77391304347826,0.0,['XS (0–2)'],Royal
jordan,little kids' t-shirt and shorts set,Light Smoke Grey,34.97,USD,"comfort meets its match.the jordan t-shirt and shorts set includes a soft t-shirt and matching shorts for an easy everyday outfit.benefitsthe t-shirt is made with soft, knit fabric.shorts have a stretch waistband for a comfortable fit.product detailsstandard fit for a relaxed, easy feel.t-shirt: 60% cotton, 40% polyester. shorts: 100% polyestermachine washimportedshown: light smoke greystyle: 85b316-g6u",4.77391304347826,0.0,"['4', '6', '7']",Light Smoke Grey
nike air max 90 se,men's shoes,Black/Scream Green/Summit White/Obsidian,119.97,USD,"comfort and heritage.max air changed the game in ’87. now, we honor its emerald anniversary (35 years!) with the nike air max 90 se. emerald graphics and colors highlight this big landmark, while its classic waffle outsole and exposed air cushioning keep you living the legacy in comfort.benefitsoriginally designed for performance running, the max air unit in the heel adds unbelievable cushioning.padded, low-top collar looks sleek and feels comfortable.rubber waffle outsole adds a heritage look, traction and durability.stitched overlays and plastic accents on the heel and eyestays add durability, comfort and an iconic look.product detailsfoam midsole for a soft feelshown: black/scream green/summit white/obsidianstyle: dn4155-001nike air max originsrevolutionary air technology first made its way into nike footwear in 1978. in 1987, the air max 1 debuted with visible air technology in its heel, allowing fans more than just the feel of air cushioning—suddenly they could see it. since then, next-generation air max shoes have become a hit with athletes and collectors by offering striking color combinations and reliable, lightweight cushioning.",4.8,31.0,"['6', '6.5', '7', '7.5', '8', '8.5', '9', '10']",Black
nike dri-fit athletic arch jersey (nfl pittsburgh steelers),men's pullover hoodie,Black/Gold,100.0,USD,"comfortably display your team pride.the nike dri-fit athletic arch jersey (nfl pittsburgh steelers) hoodie has sweat-wicking fabric with team graphics across the chest and down the sleeve to provide a bold, warm layer that helps keep you dry during football season.benefitsnike dri-fit technology helps you stay dry, comfortable and focused.fleece lining helps retain warmth.product detailshood with adjustable drawstringfront pocket85% recycled polyester/15% elastanemachine washimportedshown: black/goldstyle: ns53057y7l-5uc",4.77391304347826,0.0,[],Black
sylvia fowles lynx explorer edition,nike dri-fit wnba victory jersey,Court Blue/College Navy,100.0,USD,"merciless cold.the embodiment of toughness and persistence in the face of merciless cold, the minnesota lynx’s nike explorer edition jersey shows the state’s true spots—fierce dappled details nod to the stealthy nimbleness of wild cats, while an icy blue background stands strong for the midwest’s frigid winters. this product is made with 100% recycled polyester fibers.fly fabricdouble-knit mesh fabric feels soft and lightweight. dri-fit technology helps keep you dry and comfortable.explorer jerseythe wnba explorer edition jersey is part of the wnba's new lineup of uniforms. it reps the team's home and bold primary colors.product detailsloose fit for a roomy feelribbed neckline and armholessewn-on jock tagheat-applied graphics100% polyestermachine washimportedshown: court blue/college navystyle: dc9573-476",4.77391304347826,0.0,"['XS (0–2)', 'S (4–6)', 'M (8–10)', 'L (12–14)', 'XL (16–18)', '2XL (20–22)']",Court Blue
nike air,big kids' (boys') pullover hoodie,Black/Black/Light Bone,34.97,USD,"big air + cozy comfort.grab the hoodie that feels sporty and layers easily with almost anything. supersoft fleece combines with mesh lining for a warm and breathable design from playtime to schooltime.benefitssupersoft fleece has a fuzzy feel against your body for extra warmth.mesh lining in the hood and pockets brings extra breathability.side pockets hold small items or keep your hands warm.product detailsstandard fit for a relaxed, easy feelside pocketsribbed cuffs and hemreflective detailsbody: 80% cotton/20% polyester. rib: 98% cotton/2% spandex. pocket bags/hood lining: 100% cotton.machine washimportednot intended for use as personal protective equipment (ppe)shown: black/black/light bonestyle: dm8109-010",4.77391304347826,0.0,"['XS', 'XL']",Black
paris-saint germain 2021/22 stadium third,big kids' nike dri-fit soccer jersey,Black/Dark Grey/White/Siren Red,75.0,USD,"your team. your colors.like other jerseys from our stadium collection, the paris saint-germain jersey pairs replica design details with sweat-wicking fabric to give you a game-ready look inspired by your favorite team. this product is made with at least 75% recycled polyester fibers.stay drybreathable fabric with nike dri-fit technology moves sweat away from your skin for quicker evaporation, helping you stay dry and comfortable.elite inspirationreplica design is modeled after what the pros wear on the field.product detailsstandard fit for a relaxed, easy feel100% polyestermachine washimportedshown: black/dark grey/white/siren redstyle: db6245-011",4.77391304347826,0.0,[],Black
nike dri-fit city connect striped (mlb san francisco giants),men's polo,White,65.0,USD,"built for comfort.performance meets comfort in the nike dri-fit city connect striped (mlb san francisco giants) polo. it's designed with a stripe pattern and a woven team label that helps you comfortably support your favorite mlb squad.benefitsnike dri-fit technology helps you stay dry, comfortable and focused.nike breathe fabric helps you stay dry and cool.product details100% polyestermachine washimportedshown: whitestyle: nace824wgia-1m5",4.77391304347826,0.0,"['S', 'M', 'L', 'XL', '2XL']",White
nike team (nfl buffalo bills),men's tank top,Charcoal Heather/Red,35.0,USD,summertime classic.the nike team (nfl buffalo bills) tank top sets you up with soft tri-blend fabric and bold team details for warm-weather comfort and a spirited look.product details50% polyester/25% cotton/25% rayonmachine washimportedshown: charcoal heather/redstyle: nkzbea1681-0zp,4.77391304347826,0.0,"['XL', '2XL']",Charcoal Heather
nike pro,men's tights,White/Black,24.97,USD,"layer in supportive stretch.the nike pro tights give you a high-stretch layer of support so you can focus on your workout.supportivetight fabric feels snug and compressive for support and comfort as you move.sweat wickingnike dri-fit technology moves sweat from your skin for quicker evaporation—helping you stay dry, comfortable and focused.breathablethe back of the waistband is made to be breathable to help keep you cool when you layer the tights under shorts.product detailstight fit for a body-hugging feelbody: 90-93% polyester/7-10% spandex. mesh: 92% polyester/8% spandex.material percentages may vary depending on color. check label for actual content.machine washimportedshown: white/blackstyle: bv5641-100",4.3,152.0,[],White
nike sfb gen 2 8”,tactical boot,Black/Black/Black,140.0,USD,"second generation protection.made with durable nylon canvas and synthetic leather, the nike sfb gen 2 8” is a lightweight tactical boot designed for speed and flexibility over rough terrain. inspired by nike free technology, the flexible sole is equipped with an aggressive traction pattern for multi-surface grip and an internal rock shield to help prevent punctures.benefitspolishable synthetic leather and nylon canvas provide durability and breathability.dual-zone lacing integrates with a durable webbing system for enhanced stability and a locked-in fit.metal screen vents on the medial side help keep your foot cool.reinforced stitch and rubber at the toe add durability.foam midsole gives you lightweight cushioning.internal rock shield helps prevent punctures and reduce pressure.rubber outsole with reinforced heel strike zone offers durable traction on a variety of surfaces.shallow flex grooves are anatomically placed to let your foot move naturally while preventing debris from sticking.sawtooth design at the arch provides additional grip.product detailsoutsole inspired by nike free technologyremovable sockliner8"" collarheel pull tabweight: 16.4 ounces (men’s size 10.5)shown: black/black/blackstyle: 922474-001sfb originsthe sfb collection honors nike co-founder bill bowerman and his wwii service. upon his return, he became the head track and field coach at his alma mater, the university of oregon, where he began creating high-performance footwear for his athletes. just like bowerman, everything in the sfb collection is field-proven and dedicated to athletes.",3.8,28.0,"['M 6 / W 7.5', 'M 6.5 / W 8', 'M 7 / W 8.5', 'M 7.5 / W 9', 'M 8 / W 9.5', 'M 8.5 / W 10', 'M 9 / W 10.5', 'M 9.5 / W 11', 'M 10 / W 11.5', 'M 10.5 / W 12', 'M 11 / W 12.5', 'M 11.5 / W 13', 'M 12 / W 13.5', 'M 12.5 / W 14', 'M 13 / W 14.5', 'M 14 / W 15.5', 'M 15 / W 16.5']",Black
nike air force 1 '07 lv8,men's shoes,Black/Iron Grey/White/Black,130.0,USD,"bring your flair for the theatrical and let these wrestling-inspired af1s do all the talking. the extravagant design pairs smooth leather with cracked leather, and the championship belt dubrae gives any outfit the edge while you rep your 'never give up' mentality.benefitsraw, ready for the streets and taking you to the top, these af1s include a championship wrestling belt dubrae and premium ringside materials.from tough stitching to pristine materials to the cupsole design, it delivers durable style that’s smoother than backboard glass.originally designed for performance hoops, the air cushioning delivers lasting comfort while the padded ankle and tongue add to the soft ride.padded, low-cut collar looks sleek and feels comfortable.rubber outsole adds traction and durability.shown: black/iron grey/white/blackstyle: dr9866-001air force 1debuting in 1982 as a basketball must-have, the air force 1 came into its own in the '90s. the clean look of the classic white-on-white af1 was endorsed from the basketball courts to the block and beyond. finding its rhythm in hip-hop culture, releasing limited collabs and colorways, air force 1 became an iconic sneaker around the globe. and with over 2000 iterations of this staple, its impact on fashion, music and sneaker culture can’t be denied.",4.77391304347826,0.0,"['9', '9.5', '10', '10.5']",Black
nike,toddler top and leggings set,Multi-Color/Lavender Mist,36.97,USD,for little ones that sparkle.the nike set features a long-sleeve tunic top and stretch jersey leggings adorned with sparkling graphics that add a touch of shine to any day.benefitslightweight fleece is soft and warm.snap closures along the inner back make dressing and changing easy.product detailstop: 60% polyester/40% cotton. leggings: 95% polyester/5% elastane.machine washimportedshown: multi-color/lavender miststyle: 26f837-p5r,5.0,1.0,[],Multi-Color
nike heritage86 (mlb yankees),adjustable cap,White,21.97,USD,"represent your team.show pride for your side in the nike heritage86 (mlb yankees) cap. it's made from cotton twill with a pre-curved bill and is unstructured for a more relaxed fit, so you can rep your team in comfort all season long.benefitscotton twill crown provides a soft, comfortable feel.adjustable strap in back offers a custom fit.product details6-panel construction100% cottonhand washimportedshown: whitestyle: cz2904-100",4.77391304347826,0.0,[],White
nike essential,ball pump,Black/Black/White,12.0,USD,"a must-have when you're on the go.the nike essential ball pump features a compact design with an attached hose that's easy to take wherever you go. efficient pump compression helps you fill balls fast, so you can get out there and play your best.product detailsincludes 1 needlematerials: 83% acrylonitrile-butadiene-styrene copolymer/8% rubber/5% thermoplastic elastomer/3% zinc alloy/1% nylonimportedshown: black/black/whitestyle: nkj01-027",4.7,316.0,[],Black
nike,women's twist mesh headband,White/Black,15.97,USD,"an essential for your workout.made to keep your hair out of your face, the nike headband features a twisted knot design with 2 soft, comfortable fabrics that breathe to keep you cool.product details46% polyester/42% nylon/12% spandexhand washimportedshown: white/blackstyle: n1004551-127",4.77391304347826,0.0,[],White
heat heritage86,nike dri-fit nba cap,Tough Red/Sundial,30.0,USD,"classic comfort with team identity.highlight your miami heat pride with this heritage86 nike nba cap. it's made from lightweight, sweat-wicking material and has a low, unstructured crown with a curved bill. the front uses a high-density team appliqué. this product is made with at least 75% recycled polyester fabric.benefitslightweight polyester fabric with dri-fit technology helps you stay dry and comfortable.the strap closure in back features black, enameled metal hardware.a high-density team crest appliqué is bonded along the front panels.product detailsembroidered swoosh designbody: 100% recycled polyester. front panel lining: 65% polyester/35% cotton.spot cleanimportedshown: tough red/sundialstyle: cw5960-608",4.77391304347826,0.0,[],Tough Red
nike 8-pound,strength training ball,Black,26.97,USD,"core strength and flexibilitythe nike 8-pound strength training ball provides a full-body workout and features a durable pu coating designed for increased grip and tackiness.benefitsheavy-duty coated pu material increases grip and tackiness for better controlimproves core strength, balance, coordination and flexibilityproduct detailsideal for upper and lower body exercisesmaterials: 96% rubber/2% eva/1% pu/1% polyesterimportedshown: blackstyle: new05-010",5.0,1.0,[],Black
club américa,men's coaches' jacket,Black/White,78.97,USD,"rep club américa.this jacket has a reversible design with hand-drawn graphics inspired by the energy of mexico city and los angeles—home to some of the most loyal club américa fans.stay drywater-repellent finish helps keep you dry in wet weather.2 looks in 1fleece on 1 side, smooth woven fabric on the other, this style is 2 jackets in 1.product detailsstandard fit for a relaxed, easy feelsnapping buttons for personalized coveragedrawcord at hemside pocketsbody: 100% nylon. lining: 100% polyester.machine washimportedshown: black/whitestyle: dc2173-010",4.77391304347826,0.0,[],Black
nike sportswear,women's high-rise fleece dance shorts,Black,38.97,USD,"whether you wear them before, during or after dance practice, the soft fleece and roomy fit of these shorts will keep you feeling cozy and comfortable. a high-rise elastic waistband with drawcord sits at your belly button for a secure fit.benefitsheavyweight fleece is brushed on the back, giving the inside a soft, fuzzy feel and the face a smooth, premium look.high-rise elastic waistband hits at the belly button, while a drawcord allows you to dial in your perfect fit.roomy through the hip and thigh, the longer cut is relaxed and comfortable.product detailsloose fit for a roomy feelbody: 80% cotton/20% polyester. pocket bags: 100% cotton.machine washimportedshown: blackstyle: dv0334-010",4.77391304347826,0.0,[],Black
nike college (georgia),women's cropped t-shirt,University Red,35.0,USD,you know exactly who your team is. make sure everyone else does in the georgia t-shirt. it has a large school logo on a casual cut to show your unmistakable bulldogs pride.product detailsloose fit for a roomy feel100% cottonmachine washimportedshown: university redstyle: dr7469-657,4.77391304347826,0.0,[],University Red
charlotte hornets,men's jordan nba t-shirt,White,35.0,USD,"celebrate your favorite squad in this soft charlotte hornets tee. it's marked with oversized block graphics on the chest to pay tribute to your team.product detailsstandard fit for a relaxed, easy feel50–100% cotton/0–50% polyestermaterial percentages may vary. check label for actual content.machine washimportedshown: whitestyle: dr6708-100",4.77391304347826,0.0,"['XS', 'S', 'M', 'L', 'XL', '2XL', '3XL']",White
nike college (tennessee),men's shorts,Bright Ceramic/White,24.97,USD,"stay true to the volunteers in the cool comfort of the nike college tennessee shorts. lightweight, breathable fabric wicks sweat to help keep you in the game when things start to heat up. this product is made with at least 75% recycled polyester fibers.benefitslightweight mesh fabric lets your skin breathe to help keep you cool.product detailsstandard fit for a relaxed, easy feelelastic waistband with drawcordside pockets100% polyestermachine washimportedshown: bright ceramic/whitestyle: dn0189-873",4.77391304347826,0.0,['XL'],Bright Ceramic
nike court naomi osaka collection,printed tennis t-shirt,Citron Tint,30.97,USD,"good vibes only.naomi osaka leads with kindness, strength and authenticity. designed to inspire joy and celebrate her eternal optimism, the abstract graphics and vibrant-yet-soothing colors on the naomi osaka t-shirt are inspired by no's evolution as both an athlete and an activist.product detailsloose fit for a roomy feelnaomi osaka logo100% cottonmachine washimportedshown: citron tintstyle: dq0622-821",4.77391304347826,0.0,"['XS', 'S', 'M', 'L', 'XL', '2XL']",Citron Tint
nike college dri-fit coach (duke),men's shorts,Black/White/White,45.0,USD,"sweat-wicking comfort for the stands.designed to fit the needs of coaches on the practice field, the nike college dri-fit coach (duke) shorts are made with sweat-wicking technology to help keep you dry and comfortable on game day or any day.benefitsnike dri-fit technology helps keep you dry, comfortable and focused.elastic, adjustable waistband lets you customize the fit.product detailsstandard fit for a relaxed, easy feelside pockets100% polyestermachine washimportedshown: black/white/whitestyle: ar6879-010",4.77391304347826,0.0,[],Black
nike overview (mlb philadelphia phillies),men's 1/2-zip jacket,White,110.0,USD,"perfect for outdoor wear.the nike overview (mlb philadelphia phillies) jacket enhances an outdoor essential with a team-inspired design and a ventilated back panel. the weather-resistant polyester is detailed with a two-tone color scheme with team graphics on the chest and sleeve.product detailsscuba hood with drawstringloose, relaxed fit100% polyestermachine washimportedshown: whitestyle: nmmt061npp-00u",4.77391304347826,0.0,['2XL'],White
nike,little kids' high-waisted leggings,Hyper Pink,12.97,USD,stretchy comfort.the nike leggings are soft and stretch-tastic so little ones can move free and easy all day.benefitsstretchy fabric feels snug and supportive.elastic waistband gives a secure fit.product details82% nylon/18% elastanemachine washimportedshown: hyper pinkstyle: 36h453-a96,4.77391304347826,0.0,[],Hyper Pink
nike dri-fit performance select,big kids’ (boys’) crew-neck training sweatshirt,Black Heather/Black/Heather/Black,58.0,USD,"feel like a star in this soft and warm sweatshirt. powered by sweat-wicking fabric, it helps you stay dry and comfortable so you can get out there and keep moving.benefitsnike dri-fit technology moves sweat away from your skin for quicker evaporation, helping you stay dry and comfortable.ribbed cuffs and hem help hold this sweatshirt in place as you move.product detailsstandard fit for a relaxed, easy feel80% polyester/20% cottonmachine washimportedshown: black heather/black/heather/blackstyle: dq8813-032",4.77391304347826,0.0,"['S', 'M', 'L', 'XL']",Black Heather
air jordan 1 low se,big kids' shoes,Psychic Blue/Vivid Green/Safety Orange/Sail,95.0,USD,"inspired by the original that debuted in 1985, this low-top aj1 offers a clean, classic look that's familiar yet always fresh. it's made for casual mode, with a nature-inspired stich design that's a breath of fresh air.benefitsencapsulated air-sole unit provides lightweight cushioning.genuine leather in the upper offers durability and a premium look.solid rubber outsole enhances traction on a variety of surfaces.shown: psychic blue/vivid green/safety orange/sailstyle: do8227-400",4.77391304347826,0.0,"['3.5Y', '4Y', '4.5Y', '5Y', '5.5Y', '6Y', '6.5Y', '7Y']",Psychic Blue
air jordan xxxvi low luka pf,men's basketball shoes,Laser Blue/Electro Purple/Pink Prime/Electric Green,175.0,USD,"from the perimeter to the hoop, take the court with confidence. this is one of the lightest air jordan game shoes to date, with a minimal but durable leno-weave upper reinforced with tough plastic details. meanwhile, zoom air cushioning delivers energy return and elite responsiveness. the game asks for everything—now you have the shoe to match.light feel, big energya full-length zoom air strobel unit is stitched directly to the upper, sitting right under your foot to minimize weight. it's paired with an energy-returning zoom air unit stacked underneath the forefoot for an extra burst of responsiveness off the dribble.secure for takeoffhigh collar and top eyelets provide side-to-side stability, whether you're cutting off the ball or taking off to finish.lightning quickthe multidirectional xdr outsole provides stop-and-go traction for players who stay on their toes and use quickness to get to their spots.more benefitssee-through leno-weave upper is strong and ultra-lightweight.wraparound ribbon of plastic helps to reinforce the materials.lace lock is inspired by the air jordan 6.shown: laser blue/electro purple/pink prime/electric greenstyle: dn4195-430",4.77391304347826,0.0,"['M 7 / W 8.5', 'M 7.5 / W 9', 'M 8 / W 9.5', 'M 8.5 / W 10', 'M 9 / W 10.5', 'M 9.5 / W 11', 'M 10 / W 11.5', 'M 10.5 / W 12', 'M 11 / W 12.5']",Laser Blue
nike,kids' scrunchie,Black,9.97,USD,"throwback your hair.get that throwback look with the nike scrunchie. a comfortable covered band holds your hair securely. the fabric has a hint of shine.product detailswidth: 2.37""85% polyester/12% spandex/3% rubberimportedshown: blackstyle: n1003665-090",4.77391304347826,0.0,[],Black
nike offline pack,men's shoes,Light Smoke Grey/Flat Pewter/Grey Fog/Iron Grey,92.97,USD,"sleeping bags for your feet.get ready for a sensory experience like no other—the ergonomic design, pillowy upper and comfort insole give your feet a place to relax while you get your 10,000 steps. a textile upper features soft, pillowy fabrics while the stitching details create a puffer aesthetic.benefitsrubber outsole adds traction and durability.unique lacing system lets you customize your fit.padded, low-cut collar looks sleek and feels comfortable.product details""nike"" on toepull tab on heelnot intended for use as personal protective equipment (ppe)shown: light smoke grey/flat pewter/grey fog/iron greystyle: dj6230-001",4.8,5.0,"['8', '8.5', '9', '9.5', '10', '10.5', '11', '11.5']",Light Smoke Grey
nike dri-fit sideline velocity lockup (nfl green bay packers),women's t-shirt,Green,40.0,USD,"exceptional comfort.the nike dri-fit sideline velocity lockup (nfl green bay packers) t-shirt combines sweat-wicking technology with a bold team design to help give you a reliable look and feel while on the move.benefitsnike dri-fit technology helps you stay dry, comfortable and focused.jersey fabric has a soft, lightweight feel.product details100% polyestermachine washimportedshown: greenstyle: ns183ee7t-63s",4.77391304347826,0.0,[],Green
philadelphia 76ers,men's nike nba shorts,Rush Blue/White/White,48.0,USD,"rep your team in the philadelphia 76ers shorts, featuring understated squad and league logos. lightweight mesh keeps things cool and casual—on or off the court.product detailselastic waistband with drawcordnotched hemsside pockets100% polyestermachine washimportedshown: rush blue/white/whitestyle: dn8258-495",4.77391304347826,0.0,"['XS', 'S', 'M', 'L', 'XL', '2XL', '3XL']",Rush Blue
nike sportswear,men's punk crew,Black/Electro Orange,53.97,USD,"put through the ringer.the nike sportswear crew updates a style staple with a frayed, diy aesthetic. its heavyweight french terry fabric has a smooth, loopback design that feels soft-yet-sturdy against your skin.diy detailsoversized taping and a zigzag stitched graphic add a personalized, imperfect touch. the front graphic honors the photocopy aesthetic popularized by punk zines and fliers.french terry fleecefrench terry is a comfortable fabric with a sturdy loopback design and a soft face. distressing throughout adds a well-worn, well-loved look to the fabric.stretch cuffs and hemribbing at the cuffs and hem help lock in the fit.more benefitsa metal badge shines bright and shows love for the brand.product detailsstandard fit for a relaxed, easy feelbody: 100% cotton. rib: 97% cotton/3% spandex.machine washimportedshown: black/electro orangestyle: cw1794-010",4.77391304347826,0.0,[],Black
team 31,women's nike nba cropped t-shirt,Black,35.0,USD,"show your love for the nba in this t-shirt. made with soft cotton, this cropped, loose-fitting tee has graphics inspired by what the pros wear at practice, giving you an insider look.product detailsloose fit for a roomy feelribbed collarprinted graphics100% cottonmachine washimportedshown: blackstyle: dm3240-010",4.77391304347826,0.0,"['XS (0–2)', 'S (4–6)', 'M (8–10)', 'L (12–14)', 'XL (16–18)', '2XL (20–22)']",Black
nike dri-fit (nfl san francisco 49ers),women's 7/8 leggings,Scarlet/Black,65.0,USD,"comfort on the go.the nike dri-fit (nfl san francisco 49ers) leggings are made with sweat-wicking fabric to help keep you cool and comfortable. their flexible polyester-spandex fabric stretches with you as you move.benefitsnike dri-fit technology helps you stay dry, comfortable and focused.elastic waistband helps provide a comfortable fit.product detailsinterior pocket at waistband77% polyester/23% spandexmachine washimportedshown: scarlet/blackstyle: nkz3058y73-11f",4.77391304347826,0.0,"['XS (0–2)', 'S (4–6)', 'M (8–10)', 'L (12–14)', 'XL (16–18)']",Scarlet
nike therma city connect (mlb boston red sox),men's pullover hoodie,Blue,80.0,USD,"breathable warmth.designed with exclusive details dedicated to the team's home, the nike therma city connect (mlb boston red sox) hoodie combines sweat-wicking technology with heat-trapping performance fabric. it features a fleece lining, but its sleeves can also be cut off, providing a versatile outer layer for baseball season.benefitsnike therma fabric helps keep you warm.nike dri-fit technology helps you stay dry, comfortable and focused.product detailsfront pockethood with adjustable drawstring100% polyestermachine washimportedshown: bluestyle: nac310njbq-1m3",4.77391304347826,0.0,"['L', 'XL', '2XL']",Blue
nike brasilia,"printed training backpack (extra large, 30l)",Medium Olive/Black/Particle Grey,50.0,USD,"whether you're heading to work or a workout (or both), the nike brasilia backpack has you covered. multiple zippered compartments offer plenty of storage for your laptop and books, plus a change of clothes for the gym. zippered exterior pockets help keep electronics and small essentials organized and stored securely.benefitszippered main compartment has easy-access storage.thick woven material is durable.zippered laptop sleeve provides secure carrying.mesh side pocket holds a water bottle.product details20"" h x 13"" w x 7"" d100% polyesterimportedspot cleanshown: medium olive/black/particle greystyle: dq5228-222",4.77391304347826,0.0,[],Medium Olive
chelsea fc repel academy awf,men's soccer jacket,Rush Blue/Chlorine Blue/White,75.0,USD,"the chelsea fc repel academy awf jacket is a lightweight layer with a water-repellent coating and mesh lining for days when you have to brave the rain, but don't want to be soaked with sweat. this product is made with at least 75% recycled polyester fibers.benefitszippered pockets let you secure your essentials.perforations along your core and underarms add breathability in high-heat zones.hem is slightly longer in the back for extra coverage.product detailsstandard fit for a relaxed, easy feel100% polyestermachine washimportedshown: rush blue/chlorine blue/whitestyle: dm2965-495",4.77391304347826,0.0,"['S', 'M', 'L', 'XL', '2XL']",Rush Blue
mlb boston red sox (andrew benintendi),women's replica baseball jersey,Midnight Navy,135.0,USD,loyalty to your team.the mlb boston red sox jersey helps deliver a comfortable fit with its polyester material. it features team details to add authenticity to your look on game day.product details100% polyestermachine washimportedshown: midnight navystyle: t773bqnbbq7-b16,4.77391304347826,0.0,[],Midnight Navy
nike dri-fit,big kids' (boys') training top,Black/White,15.97,USD,"go all out in sweat-wicking comfort.show off your best moves in the nike dri-fit top. made in a sleeveless design with room to move and sweat-wicking fabric, you can play comfortably with every hop, skip and jump.benefitsnike dri-fit technology moves sweat away from your skin for quicker evaporation, helping you stay dry and comfortable.soft knit fabric is lightweight and breathable.product detailsstandard fit for a relaxed, easy feel100% polyestermachine washimportedshown: black/whitestyle: do7090-010",4.77391304347826,0.0,"['XS', 'M', 'L', 'XL']",Black
jordan france,men's basketball shorts,College Navy/White/University Red/White,60.0,USD,"french pride.play with national team pride in the jordan france basketball shorts. they're made from sweat-wicking fabric with team colors and graphics. zippered pockets offer convenient storage.benefitsdurable knit fabric with sweat-wicking technology helps you stay dry and comfortable.mesh fabric is overlaid along the side panels.zippered pockets give you secure, easy-access storage.product detailsjordan loose fitelastic waistband with front-exit drawcordprinted graphics100% polyestermachine washimportedshown: college navy/white/university red/whitestyle: cv0271-419",4.77391304347826,0.0,[],College Navy
nike sportswear,men's long-sleeve t-shirt,Black,31.97,USD,"rep the house of innovation.the nike sportswear t-shirt features a screen-printed design that calls out nike's nyc house of innovation, an immersive 5-story building that redefines the in-store shopping experience. detailing on the chest and right sleeve lists the exact location of the state-of-the art flagship.benefitscotton fabric is soft and comfortable.screen-printed graphic features house of innovation detailing.product detailsstandard fit for a relaxed, easy feel100% cottonmachine washimportedshown: blackstyle: cu3568-010",4.77391304347826,0.0,[],Black
nike dri-fit stretch (nfl chicago bears),men's shorts,Navy/Orange,45.0,USD,"move with purpose.designed with team details, the nike dri-fit stretch (nfl chicago bears) shorts are a wardrobe staple. they feature sweat-wicking technology and a flexible, elastic waistband for a reliably comfortable fit.benefitsnike dri-fit technology helps you stay dry, comfortable and focused.2-way stretch fabric helps provide extra flexibility.product details2 side pockets100% polyestermachine washimportedshown: navy/orangestyle: nkzv051y7q-0zr",4.77391304347826,0.0,"['S', 'M', 'L', 'XL', '2XL']",Navy
nike sportswear club,men's pullover hoodie,Sail/Pearl White,63.97,USD,"chilly nights call for a cool layer—and we’ve got just the one. discover out-of-this-world comfort in this cozy pullover hoodie. made with soft fleece, its unique cut-and-sew design and galactic-inspired graphics give it a wave of interstellar style.benefitsfleece feels supersoft and has a lightly fuzzy feel inside so you can stay warm and comfy.hood with a drawstring offers adjustable coverage.product detailsstandard fit for a relaxed, easy feelribbed hem and cuffskangaroo pocketbody: 80-82% cotton/18-20% polyester. hood lining: 100% cotton.machine washimportedshown: sail/pearl whitestyle: dv9617-133",4.77391304347826,0.0,"['S', 'M', 'L', 'XL', '2XL', '3XL']",Sail
nike dri-fit (nfl los angeles chargers),women's tank top,Powder Blue/Anthracite,40.0,USD,"warm-weather must-have.the nike dri-fit (nfl los angeles chargers) tank top is a versatile piece with team details for consistent support of your squad. its lightweight, breathable polyester has sweat-wicking technology to help keep you comfortable.benefitsnike dri-fit technology helps you stay dry, comfortable and focused.mesh center back panel helps provide added breathability.product details100% polyestermachine washimportedshown: powder blue/anthracitestyle: nkzx525r97-0zz",4.77391304347826,0.0,[],Powder Blue
nike dri-fit,little kids' base layer top,unknown,28.0,USD,a sweat-wicking base layer. the nike dri-fit base layer top is perfect for layering and features sweat-wicking technology to help keep little ones dry and comfortable.benefitsdri-fit technology helps little ones stay dry and comfortable.product detailsfabric: 92% polyester/8% elastanemachine washimportedshown: style: 86c416-478,4.77391304347826,0.0,[],unknown
air jordan legacy 312 low,big kids' shoes,Black/White/Metallic Gold,85.97,USD,"shout-out to the 312.the air jordan legacy 312 celebrates mj's legacy with this shout-out to chicago's 312 area code. the design creates a modern mash-up of iconic jordan elements.benefitsdesign combines iconic air jordan elements from the aj3, aj1, and alpha force.leather, synthetic and/or textile upper adds a midfoot strap for a secure fit.visible air-sole unit in the heel provides responsive cushioning.shown: black/white/metallic goldstyle: cd9054-071",4.8,5.0,[],Black
nike sportswear,women's t-shirt,Bleached Coral,34.97,USD,"a swoosh by any other name.love is in the swoosh and this tee is all about it. made with soft cotton and a roomy fit, it features an embroidered rose design that celebrates valentine's day.benefitseveryday cotton fabric feels soft and light.slightly dropped shoulders and a loose fit provide a comfortable, confident feel.product detailsloose fit for a roomy feelprinted graphics100% cottonmachine washimportedshown: bleached coralstyle: dn5886-697",4.77391304347826,0.0,"['XS (0–2)', 'S (4–6)']",Bleached Coral
nike dri-fit player,men's golf polo,Seafoam/Brushed Silver,76.97,USD,"classic golf meets nike performance.a timeless classic for the modern you, the nike dri-fit player polo blends the look and feel of a cotton polo with the incredible performance of sweat-wicking fabric. the iconic houndstooth print is a nod to the traditional look of golf.benefitsnike dri-fit technology moves sweat away from your skin for quicker evaporation, helping you stay dry and comfortable.lightweight knit fabric looks and feels like classic cotton but performs like cool polyester.houndstooth print adds an iconic look.pearlized buttons and chambray trim on the placket, back neck and side vents add a sophisticated finish.left sleeve features a silver ingot with the swoosh design.product detailsstandard fit for a relaxed, easy feel3-button placketfold-over collar58% cotton/42% polyestermachine washimportedshown: seafoam/brushed silverstyle: da2993-017",4.77391304347826,0.0,[],Seafoam
nike dri-fit swoosh,big kids' (girls') reversible printed sports bra,Team Orange/Pinksicle/Pinksicle,30.0,USD,"shine inside and out.the nike dri-fit swoosh sports bra has 2 different looks in 1, so the choice is all yours. with a snug and supportive design plus sweat-wicking technology, it’s everything you need to shine from practice to playtime.fast-dry supportdri-fit technology wicks away sweat so you can stay dry, comfortable and focused on your game.all-day supporta racerback mesh design with a soft chest band provides a supportive fit. a triple-layered lightweight fabric adds more coverage where you need it.versatile stylethe reversible design is inspired by kintsugi, the japanese craft of repairing ceramic with gold, on one side. flip it inside out for a solid color look.product detailstight fit for a body-hugging feelmedium supportbody: 83% polyester/17% spandex. mesh: 80% polyester/20% spandex.machine washimportedshown: team orange/pinksicle/pinksiclestyle: cu8444-891",4.77391304347826,0.0,[],Team Orange
nike dri-fit infograph (nfl buffalo bills),men's t-shirt,Royal,40.0,USD,"comfortable game-day look.the nike dri-fit infograph (nfl buffalo bills) t-shirt combines lightweight fabric with sweat-wicking technology to help keep you dry and cool as you show pride for your favorite team.benefitsnike dri-fit technology helps you stay dry, comfortable and focused.jersey fabric has a soft, lightweight feel.product details100% polyestermachine washimportedshown: royalstyle: ns234da81-7ht",4.77391304347826,0.0,[],Royal
u.s. academy pro,big kids' nike dri-fit short-sleeve soccer top,Obsidian/White,30.0,USD,"up your game.after conquering the basics, take your skills to the next level. a relaxed fit works together with moisture-wicking technology to help keep you cool when your training heats up.benefitsnike dri-fit technology moves sweat away from your skin for quicker evaporation, helping you stay dry and comfortable.mesh back panel provides more breathability.product detailsstandard fit for a relaxed, easy feel100% polyestermachine washimportedshown: obsidian/whitestyle: dm9612-451",4.77391304347826,0.0,[],Obsidian
nike air deschutz+ se,men's shoes,Dark Driftwood/Canyon Purple/Dark Smoke Grey/Light Iron Ore,85.0,USD,"from city hikes to canyon trails and long walks on the beach, the nike acg air deschutz+ is built to get you places. its classic '90s look pairs with a rugged, outdoor-inspired design made with quick-drying materials and plush cushioning. strap in and let your journey begin.northwest testedthis product was designed and tested in oregon, usa. the state's vast wilderness and climate served as inspiration for the sandal's look and purpose.time-tested comfortnike air in the heel gives you cushioning for those wet and rocky adventures.adventure approvedwhether you're splashing in creeks or hopping boulders, the quick-drying materials in the upper and sticky rubber outsole keep you ready for the outdoors.on-the-go adjustmentshook-and-loop straps let you quickly personalize the fit to match the day's adventure.more benefitsgraphics are inspired by cross sections of rocks on mt. st. helens.textured footbed helps hold your foot in place.shown: dark driftwood/canyon purple/dark smoke grey/light iron orestyle: dq4457-200nike acgready to conquer or escape the urban landscape, nike all conditions gear outfits you in modern wear that tackles the elements. wind- and waterproof fabrics and breathable technologies keep you covered, while next-level design equips you with versatile storage and style options.",4.77391304347826,0.0,"['M 4 / W 5.5', 'M 5 / W 6.5', 'M 6 / W 7.5', 'M 7 / W 8.5', 'M 8 / W 9.5', 'M 9 / W 10.5', 'M 10 / W 11.5', 'M 11 / W 12.5', 'M 12 / W 13.5', 'M 13 / W 14.5']",Dark Driftwood
nike dri-fit,little kids' t-shirt and shorts set,Siren Red,36.97,USD,"coordinated separates for fun.the nike set includes a sweat-wicking t-shirt and shorts for an easy everyday outfit that's comfortable.benefitsthe nike dri-fit t-shirt is 100% made for play. this active top is made of soft, sweat-wicking fabric to help you stay dry with every run, skip and jump.run, jump and play in the nike dri-fit shorts. this classic style is breathable and lightweight so your little athlete can keep at it in comfort.product details100% polyestermachine washimportedshown: siren redstyle: 86j179-r3r",4.7,6.0,[],Siren Red
sacramento kings icon edition,men's nike nba swingman shorts,Field Purple/Dark Steel Grey/White/White,80.0,USD,rep your team.the sacramento kings icon edition nike nba swingman shorts are inspired by the authentic nba shorts. they feature sweat-wicking fabric and side pockets for easy-access storage. design details match your team's on-court look. this product is made with 100% recycled polyester fibers.benefitsdri-fit technology helps keep you dry and comfortable.double-knit mesh is lightweight yet durable.hem vents let you move freely.product detailsside seam pockets100% recycled polyestermachine washimportedshown: field purple/dark steel grey/white/whitestyle: aj5647-504,4.77391304347826,0.0,"['S', 'M', 'L', 'XL', '2XL']",Field Purple
mlb houston astros,women's replica baseball jersey,Midnight Navy,115.0,USD,loyalty to your team.the mlb houston astros jersey helps deliver a comfortable fit with its polyester material. it features team details to add authenticity to your look on game day.product details100% polyestermachine washimportedshown: midnight navystyle: t773hunuhus-xvu,4.8,5.0,"['S (4–6)', 'M (8–10)', 'L (12–14)', 'XL (16–18)', '2XL (20–22)']",Midnight Navy
nike acg aw84,cap,Black,28.0,USD,"a lightweight favorite.an outdoor staple, now made with 100% organic cotton fibers. the nike acg aw84 cap continues our sustainability journey in a classic 5-panel design. a lightweight, woven crown has a an adjustable strap at the back so you can find the right fit with ease.northwest testedthis product was designed and tested in oregon, usa.coverage that feels lightwoven fabric throughout the 5-panel crown has a soft, lightweight feel.adjusts to feel rightan adjustable strap at the back lets you customize your fit.product detailsbody and front lining: 100% cottonhand washimportedshown: blackstyle: dc9064-010",5.0,1.0,[],Black
nike college heritage86 (texas),hat,Desert Orange,22.97,USD,"clean lines, classic looks.the nike college heritage86 (texas) hat serves up a longhorns graphic and our legendary logo, bringing clean styling to a classic 6-panel look.benefits6-panel design provides durability.adjustable closure on the back offers a personalized fit.embroidered eyelets add breathability.product details100% cottonhand washimportedshown: desert orangestyle: dh2271-802",4.77391304347826,0.0,[],Desert Orange
new york knicks,nike nba beanie,Rush Blue,28.0,USD,"stretchy warmth with nba identity.top off your game-day look with this new york knicks beanie. it's made from an acrylic blend that's soft, stretchy and warm, with a stitched-down team label on the cuff. this product is made with at least 50% recycled polyester fibers.product detailscuffed designbody/lining: 60% polyester/40% acrylichand washimportedshown: rush bluestyle: dm8717-495",4.77391304347826,0.0,[],Rush Blue
paris saint-germain 2022/23 stadium home,women's nike dri-fit soccer jersey,Midnight Navy/White/Midnight Navy,90.0,USD,"like other jerseys from our stadium collection, this one pairs replica design details with sweat-wicking technology to give you a game-ready look inspired by your favorite team. this product is made with 100% recycled polyester fibers.benefitsnike dri-fit technology moves sweat away from your skin for quicker evaporation, helping you stay dry and comfortable.replica design is modeled after what the pros wear on the field.product detailsslim fit for a tailored feel100% polyestermachine washimportedshown: midnight navy/white/midnight navystyle: dj7781-411",4.77391304347826,0.0,"['XS (0–2)', 'S (4–6)', 'M (8–10)', 'L (12–14)', 'XL (16–18)']",Midnight Navy
nike college dri-fit (michigan state),men's long-sleeve hooded t-shirt,Flat Silver,37.97,USD,"rep your favorite team with proud spartans graphics on this sweat-wicking michigan state hooded tee. perfect for game day or the offseason, it lets you cover up when you need to—without the bulk.benefitsnike dri-fit technology moves sweat away from your skin for quicker evaporation, helping you stay dry and comfortable.knit fabric feels soft against your skin.product details""nike campus"" label at hem58% cotton/42% polyestermachine washimportedshown: flat silverstyle: do4822-007",4.77391304347826,0.0,"['S', '2XL', '3XL']",Flat Silver
nike dri-fit crucial catch (nfl tampa bay buccaneers),women's t-shirt,Black,40.0,USD,"showcase your support.join the nfl in a great cause with the nike dri-fit crucial catch (nfl tampa bay buccaneers) t-shirt. it's designed with sweat-wicking technology to help keep you dry and comfortable as you proudly rep your team.benefitsnike dri-fit technology helps you stay dry, comfortable and focused.jersey fabric has a soft, lightweight feel.product details57% cotton/43% polyestermachine washimportedshown: blackstyle: ns5400azuv-8uq",4.77391304347826,0.0,"['XS (0–2)', 'S (4–6)', 'M (8–10)', 'L (12–14)', 'XL (16–18)']",Black
nike zoned support,calf sleeves,Black,45.0,USD,"dry support.the nike zoned support calf sleeves feature a sweat-wicking, compressive design for dry comfort and optimal support.benefitsdri-fit technology helps keep you dry and comfortable.flat seams feel smooth against your skin.left/right specific provide an enhanced fit.product detailssold as a pairreflective elementsthis product is not intended for use as personal protective equipment (ppe)70% nylon/30% spandexmachine washimportedshown: blackstyle: nrse5-042",4.8,11.0,"['S', 'M', 'L', 'XL']",Black
nike,ponytail holder (9-pack),Multi-Color,10.97,USD,"maintain your focus.the nike ponytail holder (9-pack) includes 9 stretchy elastic bands to securely hold your hair so you can maintain your focus.product detailswidths: 0.5in/1.5cm, 0.5in/1cm, 0.2in/0.5cm.48% polyester/31% rubber/19% nylon/2% spandeximportedshown: multi-colorstyle: n0003537-036",3.9,15.0,[],Multi-Color
nike dri-fit vapor,men's golf polo,White/Black,55.97,USD,"iconic performance.the nike dri-fit vapor polo pairs stretchy, sweat-wicking fabric with a knit-in 26-degree chevron design, a tribute to the iconic look of the nike windrunner. the knit-in pattern adds breathability, helping you stay cool and comfortable on and off the course. the swoosh is on the left sleeve so you can easily apply custom graphics like a logo or a crest to the chest.benefitsnike dri-fit technology moves sweat away from your skin for quicker evaporation, helping you stay dry and comfortable.mesh insert at the back of the collar adds breathability in this high-heat area.hem vents let the polo drape nicely when worn untucked or stay tucked-in when it needs to.product detailsstandard fit for a relaxed, easy feelfold over collar2-button placket100% polyestermachine washshown: white/blackstyle: dh0930-100windrunner originsthe windrunner became the face of nike apparel in 1978, at a time when the company was known for its footwear. today, this running-turned-everyday jacket is still as relevant and exciting as it was back then with its iconic 26-degree chevron styling, excellent breathability and weather resistance.",4.77391304347826,0.0,"['S', 'M', 'L', 'XL', '2XL']",White
nike sportswear,toddler t-shirt and shorts set,Multi-Color,32.97,USD,"comfort from top to bottom.the nike set includes a t-shirt and shorts to keep little ones comfy all day long.benefitscotton fabric feels soft and comfortable.ribbed collar stretches for comfort.the shorts are made with french terry fabric that feels soft and smooth on the outside and gently textured on the inside.product detailsstandard fit for a relaxed, easy feelt:shirt: 100% cotton shorts: 60% cotton, 40% polyestertop：hand washimportedshown: multi-colorstyle: 76h749-023",5.0,3.0,[],Multi-Color
air jordan xxxv low ds pf,basketball shoes,Hyper Jade/Bright Crimson/Blue Orbit/Metallic Silver,165.0,USD,"basketball players create separation by cutting quicker, running faster and jumping higher than the competition. the ultra-lightweight air jordan xxxv low helps transform your speed and power into linear and vertical separation. similar to the inline game shoe, it uses a sculpted and stable midsole that's loaded with visible, large-volume zoom air units to help you exploit the space you create. the lower collar height allows ankle mobility while keeping you fully and comfortably contained. this pf version has an extra-durable outsole that's ideal for outdoor courts.eclipse the competitionthe sculpted eclipse plate 2.0 is raised along its upper edge to enhance side-to-side stability and support. it's hollowed out to reduce the shoe's overall weight while letting you see through the shoe.2x visible zoomzoom air cushioning under the heel and forefoot has a springy, responsive feel. the large-volume heel unit provides impact cushioning, while the forefoot unit helps support your game. the edges of both units are visible through the hollow midsole plate.lace up, lock inflightwire cables stitched into the side radiate up from the curved plate. when you lace up they pull the material snugly over the sides and top of your foot to help keep you stable on the footbed.traction and controlthe rubber outsole uses a modified herringbone tread pattern that grips the court. it's designed to help you stop, start and change directions on the fly.more benefitsthe extra-durable outsole rubber is designed to play on outdoor courts.product detailsfoam soletongue pull tabnot intended for use as personal protective equipment (ppe)shown: hyper jade/bright crimson/blue orbit/metallic silverstyle: dj2831-300",4.77391304347826,0.0,[],Hyper Jade
nike college dri-fit (ucla),men's polo,Signal Blue,50.0,USD,"with bruins details on a time-tested silhouette, this ucla polo is a perfect fit for the sidelines or your daily adventures. it gives you a little extra to keep you going with uv-treated fabric that wicks sweat to help you stay cool.benefitsnike dri-fit technology moves sweat away from your skin for quicker evaporation, helping you stay dry and comfortable.knit fabric feels soft and smooth.product detailsthis product provides uva and uvb protection from the sun only in the areas covered by the garment. to protect exposed areas, the use of good quality sunscreen is recommended.standard fit for a relaxed, easy feeldropped back hem100% polyestermachine washimportedshown: signal bluestyle: dq9266-403",4.77391304347826,0.0,"['S', 'XL', '2XL']",Signal Blue
jordan,big kids' (boys') full-zip jacket,Black,75.0,USD,fuzzy fit for cold temps.the jordan jacket is made with plush sherpa fleece to keep you looking and feeling comfortable in cold temps. dna details create instant hoops style.benefitsfuzzy sherpa fleece feels warm and cozy inside and outside.the high collar helps block out the wind.full-length zipper lets you adjust for a comfy fit.product detailsloose fit for a roomy feel100% polyestermachine washimportedshown: blackstyle: 95a724-023,4.77391304347826,0.0,[],Black
nfl los angeles rams nike vapor untouchable (matthew stafford),men's limited football jersey,White,160.0,USD,"gridiron look.the nfl los angeles rams nike vapor untouchable jersey delivers an authentic touch on game day. sweat-wicking technology and sublimated detailing help provide all-day comfort as you rep your favorite player.benefitsnike dri-fit technology helps you stay dry, comfortable and focused.sublimated details add breathability.ventilation over major heat zones helps keep you cool.product detailsstandard fit for a relaxed, easy feelnfl shield at v-necktagless neck labellaser-cut embossed jock tag100% polyestermachine washimportedshown: whitestyle: 32nmlrla95f-2qf",4.77391304347826,0.0,"['M', 'L', 'XL', '2XL']",White
nike team first (mlb houston astros),women's cropped t-shirt,Orange,35.0,USD,show your team spirit.keep comfy and casual in the nike team first (mlb houston astros) t-shirt. its cropped design and large team details make this cotton tee a trendy show of support for your mlb crew.product details100% cottonmachine washimportedshown: orangestyle: nmmd032nhus-0lq,4.77391304347826,0.0,[],Orange
